train_losses,train_accuracies,test_losses,test_accuracies,epoch
0.6931515399304182,0.5176908752327747,0.6931948677285925,0.4588744588744589,1
